Tweet_count,Username,Text,Created At,Retweets,Likes
1,Olivia Rose| Baltimore,"Summer Tour DatesğŸ©·ğŸŒ»

SAN ANTONIO 6/24-6/26
DENVER 6/26-6/28
DALLAS 6/28 - 7/2
AUSTIN 7/2-7/4
SAN ANTONIO 7/4 -7/8
HOUSTON 7/8-7/15 

Click the link in my bio for pre-booking and content  ğŸ“¸ğŸ’¦
 âœ¨Ft Shows availableâœ¨ https://t.co/INSwDVGFdF",Mon Jun 24 21:10:48 +0000 2024,25,295
2,Poputainment,"The 2024 Summer Olympics in Paris concludes with the United States and China tying for 40 GOLD MEDALS, but the USA finishes first in the medal table with 126 total medals. 

#ClosingCeremony #Olympics #Olympics2024Paris 
#Olympic2024 https://t.co/zXNMaau21u",Sun Aug 11 23:18:57 +0000 2024,1,2
3,Scooze News,"LeBron James is the first male basketball player to be named as the United States flag-bearer in the Paris 2024 Summer Olympics.

Fellow Olympians voted James as Team USAâ€™s flag-bearer and was nominated by Steph Curry. This is Jamesâ€™ fourth Olympics. Heâ€™s won a bronze medal in https://t.co/8aNRFQ2yxu",Tue Jul 23 01:03:58 +0000 2024,1,1
4,Inspiration & More ğŸµï¸,"Just dropping by to wish you a wonderful new week. And just like that, one season will make way for another. Summer begins on Thursday, although June was certainly more summer-like in many places. May our days be joyful! https://t.co/SziAH4lIVx",Mon Jun 17 09:13:26 +0000 2024,78,256
5,Cowboyw2b,"Entheos reTruthedâ€¦The Normie Awakes Summer! 2024.
Good news is Summer starts Thursday, June 20th at 4:50 p.m.
Note interesting tie to George Washington. https://t.co/LB0gCrNxwU",Tue Jun 18 12:28:12 +0000 2024,109,251
6,NWS Weather Prediction Center,A dangerous late August heat wave will expand over the Midwest early this week before building into the Mid-Atlantic and Southeast by mid-week. Heat indices of 105-115 and lows in the mid/upper 70s will bring a heightened risk of heat-related illness. https://t.co/U4GlIuQQ45,Sun Aug 25 16:37:08 +0000 2024,159,282
7,Uplift Alliance ğŸ”,"Summerfest 2024 starts this Friday! ğŸ–ï¸âœ¨

With week one, you can expect to see:

ğŸ‚ New Bull Riding Minigame!
ğŸŸï¸ New Tickets Currency!
ğŸ¾ 3 New Baby Pets! 
ğŸ¡ Summer Carnival Event Area!
ğŸ”¥ And SO much more!

Are you excited? https://t.co/B1sSjAk0fv",Mon Jun 10 16:15:07 +0000 2024,27,318
8,Street Spitzley,Built to represent my country (the United States of America) in this yearâ€™s 2024 Olympics in Paris. I am proud to represent the USA for the Olympics (this summer). Go get em USA! ğŸ‡ºğŸ‡¸ ğŸ’ª ğŸ‡ºğŸ‡¸ ğŸ€ ğŸ‡ºğŸ‡¸ #TeamUSA #ParisOlympics2024 #Paris2024 #Olympics2024 #ParisOlympics #Olympics https://t.co/XUbsEEkZV1,Wed Jul 17 18:44:59 +0000 2024,0,2
9,Kendrick Lamar Updates,Kendrick Lamarâ€™s â€œNot Like Usâ€ is on Spotifyâ€™s 2024 Songs Of The Summer List. https://t.co/QFGgQC234K,Thu Jul 25 15:38:58 +0000 2024,43,458
10,The American Storm,On average this is the the hottest week of summer for the US. Yet look what has happened  Much of the nation at or below normal. Not a peep out of the meteo misinformation media.  Only hysterics on heat... in summer. https://t.co/0oFvuHzf2b,Wed Jul 24 20:23:32 +0000 2024,59,203
11,Fate/Grand Order USA,"Time to get chilly with Limited Time Event ""Arctic Summer World! Chaldea's Magical Summer Theme Park""!

Searing rays of sunshine and sweltering heat herald the arrival of summer. Will this year's summer be a vacation by the beach?

More info â¡ï¸  https://t.co/ex9tqm2M54
#FateGOUSA https://t.co/OyBA119nxE",Thu Jul 18 17:30:25 +0000 2024,694,4411
12,SSG HOPICS,The last day of Summer 2024 is Sept. 22nd. Are y'all still holding on to it? Or have you moved on to a Fall aesthetic? https://t.co/xOAuM4ZQww,Sat Sep 14 18:02:00 +0000 2024,0,0
13,Æ¤Æ–Ò²Æ–Ğ„,"Celebrate America Month, the beautiful month of June!

Flag day is June 14th &amp; June is the first month of summer.  It's a time for children to get out of school, a time for family vacations, a time for summer picnics &amp; cookouts, &amp; a popular time to be married. Celebrate the USA! https://t.co/2216rIS4E5",Sat Jun 01 19:24:20 +0000 2024,245,322
14,Love Island USA,These Islanders are taking over your summer in ONE WEEK! ğŸ #LoveIslandUSA premieres June 11 on @peacock. ğŸ˜ https://t.co/28Gp0pa4za,Tue Jun 04 16:10:37 +0000 2024,385,2622
15,Pop Crave,"The first day of Summer is tomorrow, June 20th. https://t.co/ELxO5iuz4R",Wed Jun 19 17:53:22 +0000 2024,3028,35531
16,Love Island USA,It's a hot girl summer and the Islanders are ready to spice up the Villa in SIX DAYS! â¤ï¸â€ğŸ”¥ #LoveIslandUSA premieres June 11 at 9pm ET/ 6pm PT on @Peacock. ğŸï¸ https://t.co/ShT2bz0w9U,Wed Jun 05 18:01:08 +0000 2024,65,553
17,ì¸ê²¬,"âœ¶ ğŸ®ğŸ¬ğŸ®ğŸ° ğ—¦ğ—¨ğ— ğ— ğ—˜ğ—¥ ğ—™ğ—¥ğ—˜ğ—˜ ğ—¦ğ—˜ğ—”ğ—¦ğ—¢ğ—¡
â–¹ ğŸ¶ğŸ½. ğŸ·ğŸ¾ - ğŸ¶ğŸ¿. ğŸ·ğŸ¸ https://t.co/qCAgbXb8o1",Wed Sep 11 22:30:00 +0000 2024,0,4
18,NWS Weather Prediction Center,"Record-breaking #heat is forecast to expand from the Midwest and Great Lakes to the Northeast this week, potentially lingering through early next week. The duration of this heat wave is notable and potentially the longest experienced in decades for some locations. https://t.co/4nJ1PS4qih",Sun Jun 16 17:30:00 +0000 2024,427,898
19,Ryan Maue,"Exclusive heat map ğŸŒ¡ï¸ | Analysis of the historic &amp; brutal heat wave caused by a climate-fueled ""heat dome"" 

Temperatures across Great Lakes + Northeast will up to 17Â°F above normal for mid-June.

Atlanta will be an incrdible 3Â°F above normal. ğŸ”¥

Also, Montana will be 24Â°F below https://t.co/cPN1KcNiCW",Tue Jun 18 15:06:06 +0000 2024,236,908
20,Bob Henson,"When seasonal forecasts flop, you tend to hear about itâ€”but when they're good, it's often crickets. Here are NOAA's 2024 summer temp outlook (Jun-Aug), w/the observed temp anomalies for virtually the same period. The general flavors are right there. https://t.co/FSIjmgZacf",Sun Sep 01 03:23:43 +0000 2024,85,527
21,â™¥ï¸,"Bahama, Sticky, Crush and How Sweet knowing damn well they're THEE summer songs of 2024 https://t.co/H9SaaJl5Yt",Wed Aug 07 14:47:06 +0000 2024,128,1213
22,Travis Akers,"I am so damn proud of our athletes representing the United States during the 2024 Summer #Olympics

USA - USA - USA ğŸ‡ºğŸ‡¸",Sun Aug 11 23:03:49 +0000 2024,8,221
23,Ryan Maue,"The hottest day will be Saturday by population when over 230 million Americans experience at least 90Â°F and 20 million at/above 100Â°F 

However, relief is on the way with cooler Canadian air next week https://t.co/jOqq4hoNzO",Mon Jun 17 17:02:13 +0000 2024,572,2000
24,EducationUSA Pakistan,"The College Prep Program 2024 kicks off!

We're hosting a week-long summer camp for high school students in Islamabad! Followed by an introductory session, day one consisted of a detailed overview of higher education opportunities in the United States. We were thrilled to host https://t.co/p3cMtXDUFu",Thu Jun 27 11:53:28 +0000 2024,1,2
25,#1 joÃ£o fÃ©lix enthusiast,"ğŸ¥³ğŸ‰ HAPPY 4 JULY INDEPENDENCE DAY TO ALL THE FANS OF UNITED STATES OF AMERICA ğŸ†ğŸ‡ºğŸ‡¸â¤ï¸

ğŸ«¡ğŸ‡µğŸ‡¹ JOÃƒO FÃ‰LIX WILL PLAY THIS SUMMER WITH FC BARCELONA IN THE USA BARÃ‡A ON TOUR 2024 âœˆï¸ğŸ‡ºğŸ‡¸

#4thofJuly https://t.co/ioPLuViCtz",Thu Jul 04 20:27:39 +0000 2024,2,11
26,Pop Base,"Spotify unveils their 2024 Songs of the Summer list:  

â€¢ Billie Eilish â€” Birds of a Feather
â€¢ Chappell Roan â€” HOT TO GO!
â€¢ Sabrina Carpenter â€” Espresso 
â€¢ Kendrick Lamar â€” Not Like Us
â€¢ Shaboozey â€” A Bar Song (Tipsy)",Wed Aug 28 13:14:58 +0000 2024,366,9504
27,â€,SUMMER DOESNâ€™T END TIL SEPTEMBER 22nd!! Like omg why yâ€™all such in a rush??,Tue Aug 27 16:04:12 +0000 2024,2603,11351
28,AFRO News afro.com,"#QuincyWilson, a 16-year-old track and field athlete from the United States, has made history by becoming the youngest American male to medal at the Olympics. He won gold with Team USA's 4x400m relay team at the 2024 Paris Summer #OlympicGames. https://t.co/gyDV5d4HaD https://t.co/nbgTgU54xI",Sun Aug 11 13:35:13 +0000 2024,5,12
29,Sam Carana,"Temperatures as high as 125Â°F or 51.67Â°C are forecast to hit California on July 6, 2024. For more on these high temperatures, read the post at: https://t.co/H8vZRcMYUW https://t.co/3n39opz9AD",Fri Jun 28 11:59:32 +0000 2024,250,373
30,Sumayyahmoss,"LeBron James and the United States men's basketball team cruised into the semifinals of the 2024 Summer Olympics with a 122-87 win over Brazil.
Devin Booker led Team USA with 18 points, Joel Embiid scored 14 points from the starting lineup and Anthony Edwards added 17 off  bench. https://t.co/TmHiaecSja",Tue Aug 06 21:55:12 +0000 2024,0,0
31,Kalemi Post,"#Uranium
#Usa
#Russia
#Kazakhstan

â˜¢ï¸ ğŸ‡ºğŸ‡¸ ğŸ‡°ğŸ‡¿ U.S. suspends uranium imports from Kazakhstan

ğŸ”¶ï¸ The United States reduced its uranium imports in the first month of summer 2024, suspending purchases from Russia, China, and Kazakhstan.

ğŸ”¶ï¸ In June 2024, the United States imported https://t.co/LFx0G2wXQM",Fri Aug 09 13:20:50 +0000 2024,0,0
32,"Kelvin Soto, Esq., Osceola Clerk & Comptroller","As the games open today, Team Osceola Clerk is sending positive vibes to the entirety of Team USA representing the United States in Paris at the 2024 Summer Olympics, most particularly Kissimmee local Victor Montalvo!  Bring home the gold!

#FLClerks #Paris2024 https://t.co/f95yo1KuqB",Fri Jul 26 20:08:33 +0000 2024,1,1
33,Halftime Hustle,"Team USA Women's Basketball wins Gold 67 to 66 to close out the Paris 2024 Olympics. The United States win the summer olympics medal table, tied with the most golds at 40 and leading by a wide margin in both silvers and bronze. See you in Los Angeles 2028! #TeamUSA #Olympics https://t.co/G0N9q8PeDj",Sun Aug 11 15:24:20 +0000 2024,1,6
34,National Weather Service,"Temperatures will soar next week from the Midwest to the Northeast, where several dozen record afternoon high and record warm morning lows are set to fall.

Heat is the leading cause of weather-related deaths most years. Take it seriously.
https://t.co/VyWINDk3xP https://t.co/0vd41f47CV",Fri Jun 14 13:38:51 +0000 2024,106,230
35,Edgar McGregor,"Here we go again...

Keeping an eye on a major heatwave that could strike the Southwest U.S. during the week beginning June 20th. 

Ocean temperatures are at all-time record highs. This is not going to be a forgiving summer. https://t.co/e6xY7D1qGi",Sat Jun 08 15:29:54 +0000 2024,294,825
36,Prof. Eliot Jacobson,"Hot times ahead!

For the rest of the world, low 40's with high humidity coming to the South Eastern U.S. for the 4th of July. https://t.co/nVR4ZNDy1V",Thu Jun 27 01:47:03 +0000 2024,221,754
37,Embassy of Colombia in the United States,"ğŸš¨Pre-Match Fan Fest Alert! Donâ€™t miss the action at 4:00 PM today, at Commanders Field in Landover, Md. Join us for a fan fest before the Colombia-USA friendly, part of the exciting Summer Showdown leading up to the 2024 Copa America!ğŸ‡¨ğŸ‡´ https://t.co/xEbiHksqUQ",Sat Jun 08 13:17:32 +0000 2024,2,4
38,Peter Dynes,"Record-breaking temperatures are hitting North America for June. The #US is experiencing unprecedented heatwaves along the East Coast, while #Mexico has reached 52Â°C. ğŸŒ¡ï¸ğŸ”¥ This is the warmest June on record and ......will probably be the coolest going forward. https://t.co/mB8cV3ikuR",Sat Jun 22 18:17:11 +0000 2024,1435,2618
39,NWS Climate Prediction Center,"Hot, summertime weather is anticipated in the East June 16-20. There is a 40 to 60% chance of excessive heat in the Ohio Valley and Mid-Atlantic. Highs in the low- to mid-90s are forecast, possibly reaching daily record highs in many locations. https://t.co/miSniPw0d6 https://t.co/MSdR6b2vht",Mon Jun 10 19:14:07 +0000 2024,245,637
40,Ben Noll,"ğŸŸ  No state spared: this map shows where the temperature is forecast to exceed 90ËšF in the next 10 days ğŸŸ 

The summer solstice will come with a heat wave &amp; more than two dozen states may have triple digit temperatures.

To escape the high heat, head to Manitoba or Newfoundland! https://t.co/2ob05B8DZ7",Thu Jun 13 13:25:00 +0000 2024,88,261
41,Sports Blizz,"ğŸ‡²ğŸ‡¦ Morocco  4 - 0 USA ğŸ‡ºğŸ‡¸ 

In the quarterfinals of the 2024 Summer Olympics, Morocco delivered a stunning performance, defeating the United States with a resounding 4-0 victory. Soufiane Rahimi, Ilias Akhomach, Achraf Hakimi, and Mehdi Maouhoub all found the net for Morocco. https://t.co/Neeniz3tFP",Fri Aug 02 19:06:21 +0000 2024,0,4
42,TravisCountySevereWx,"Friday: Summer is back from vacation. Mostly sunny with a high of 98Â°.

Extended: daily highs into early next week will be in the mid-upper 90s. Our cool early mornings unfortunately will be gone too. Overnight lows in the lower 70s. https://t.co/9eVH6an2ji",Fri Sep 13 12:16:24 +0000 2024,2,6
43,The Federal Metal Co.,"So far the United States has had a strong start in the medal count at the 2024 Summer Olympics in Paris with 3 gold, 8 silver and 9 #bronze. USA! USA!

Call us crazy, but we'd aim to come in third place every time! https://t.co/eU8Stcsaub",Tue Jul 30 17:25:10 +0000 2024,0,3
44,JSerraAthletics,"Recently graduated JSerra Water Polo standout Ryder Dodd recorded his first career Olympic goal on Tuesday, as the United States defeated Romania 14-8 in Pool A action at the 2024 Summer Olympics at the Paris Aquatics Centre in Paris, France.

Team USA is now 1-1 after opening https://t.co/UD2T3UVmiH",Wed Jul 31 03:08:58 +0000 2024,1,10
45,The562.org,"STORY: Long Beach has four players and a coach on the United States Olympic men's water polo team that will compete in Paris this Summer. Learn more about the players and coach deepening the city's proud aquatic sports tradition

https://t.co/IcKaTAHhiZ https://t.co/4a1FEc0jXy",Wed Jun 19 19:12:18 +0000 2024,8,16
46,Portal Katy Perry,"SerÃ¡ que agora vem aÃ­?

ApÃ³s ter sido mencionado DIVERSAS vezes por Katy Perry nos Ãºltimos meses, o verÃ£o americano finalmente irÃ¡ comeÃ§ar na prÃ³xima quinta-feira, dia 20 de junho. Estamos prontos! ğŸ§¡ https://t.co/LWs35YmaHx",Sun Jun 16 22:29:28 +0000 2024,24,231
47,Ben Noll,"Summer 2024 is tracking to become the most humid summer on record in the contiguous U.S. ğŸ¥µ

Are you surprised? https://t.co/Re1HGlWUDM",Tue Aug 27 13:30:00 +0000 2024,75,275
48,HadNews.com,"Top 10 Must-Visit Destinations in the United States in August 2024 - https://t.co/YJKfaETO5G
#ADVENTURE #AMERICA #AUGUST #AUGUST_TRAVEL #DESTINATIONS #EXPLORATION #SIGHTSEEING #SUMMER #SUMMER_2024 #SUMMER_TRAVEL #TRAVEL #US_TRAVEL #USA #VACATION https://t.co/i7mDNq7psS",Mon Jul 08 22:31:47 +0000 2024,0,1
49,Latino Leaders Network,"(1/2) The #LatinoLeadersNetwork is proud to be joined by Kansas City Mayor Quinton Lucas (@MayorLucasKC) for special guests remarks at the 40th Tribute to Mayors on June 21, 2024 in Kansas City, MO â€“ site of the United States Conference of Mayors (@USmayors) summer meeting. https://t.co/Hy4VJ2AVLx",Mon Jun 17 17:00:32 +0000 2024,3,14
50,ğ˜¼,"Welcome to USA, @_IUofficial !!! ğŸ—½ğŸ‡ºğŸ‡¸

2:38 PM screening
July 14, 2024
#ISeeUinTimesSq 
#IUinUSA #IU_WORLD_TOUR
#HEREH_WORLD_TOUR_IN_USA 

@SingaenaTV @IUxUSA @edam_ent https://t.co/BZUstciOKv",Sun Jul 14 18:46:41 +0000 2024,191,583
51,Rob Finnerty,"So far this summer...

-A shame Trump trial &amp; conviction.
-Presidential immunity upheld.
-The Trump documents case is dropped.
-The debate.
-An attempted assassination.
-JD Vance is Trumps VP.
-Joe Biden ""drops out.""
-Kamala is the presumptive nominee.

None of this is normal.",Tue Jul 23 10:38:37 +0000 2024,34,205
52,Spire Weather & Climate,"ğŸŒ ğŸŒ¡ï¸ August 2024: Record-breaking heat, extreme weather &amp; rising risks

August marked a new high in global average temperatures, becoming the 15th consecutive month of record-setting heat. Also, the Northern Hemisphere experienced its hottest meteorological summer (June through https://t.co/Tuoc08CcBo",Fri Sep 13 17:15:02 +0000 2024,2,4
53,Nancy Sinatra,"Summer is here.

Welcome to the 2024 summer solstice -- also known as the astronomical start to summer, and the longest day of the year. The summer solstice takes place at approximately 3:50 p.m. CT June 20 in Chicago.",Thu Jun 20 19:20:24 +0000 2024,99,597
54,Embassy of Colombia in the United States,"Fan Fest Extravaganza! Head to Commanders Field, Landover, Md., today at 4:00 PM for an unforgettable fan fest ahead of the Colombia-USA friendly. Celebrate the Summer Showdown and the 2024 Copa America with us! ğŸ‡¨ğŸ‡´âš½ï¸ğŸ‡ºğŸ‡¸ https://t.co/uDwlfrnnKQ",Sat Jun 08 17:11:39 +0000 2024,0,2
55,ğŸ”¥ğ•²ğ–‘ğ–”ğ–œğ–ğ–“ğ–Œ ğ–€ğ–• ğ•±ğ–ğ–—ğ–ŠğŸ”¥,"TO EXPECT SUMMER OF 2024: ğŸ¹

ğŸ“· ""Summer To Remember""
Leo, Scorpio, Pisces, &amp; Sagittarius 

ğŸ’˜ Summer Love: 
Gemini, Leo, Libra, &amp; Sagittarius 

ğŸ¥µ Spicy Summer Romance:
Taurus, Aquarius, Leo, &amp; Scorpio 

ğŸ«°ğŸ¼ More Money:
Aries, Cancer, Taurus, &amp; Gemini 

(+)",Thu Jun 20 14:33:31 +0000 2024,199,2742
56,NBC Nightly News with Lester Holt,LeBron James wonâ€™t only be leading Team USA on the court. The basketball legend will serve as one of the United Statesâ€™ flag bearers during the opening ceremony at the Summer Olympics on July 26 in Paris. https://t.co/jrknwcnZq2 https://t.co/fP2s895qj7,Mon Jul 22 12:00:04 +0000 2024,5,25
57,Nulbarich,"SUMMER SONIC 2024
ã‚ã‚ŠãŒã¨ã†ã”ã–ã„ã¾ã—ãŸï¼

ã€Setlistã€‘
1.Reach out
2. TOKYO
3. NEW ERA
4.Lucky
5.Voice
6.Liberation
7.Kiss You back 
8.Floatin'

Next Liveâ–·â–¶ï¸â–· SWEET LOVE SHOWER 2024

photo by: @victornomoto

#ãƒŠãƒ«ãƒãƒªãƒƒãƒ #summersonic https://t.co/9YxrDdFvph",Sun Aug 18 13:02:16 +0000 2024,78,732
58,FB Stat Facts,"For the first time in the 128 years of the Summer Olympics, there has been a TIE for most gold medals.

USA ğŸ‡ºğŸ‡¸: 40
China ğŸ‡¨ğŸ‡³: 40

By virtue of silver medals, the United States tops the medal count and â€œwinsâ€ Paris 2024.

#Paris2024 #Olympics",Sun Aug 11 15:27:52 +0000 2024,1,4
59,Lea Grace,WIDESPREAD SUNSHINE: Soak up the sun as we continue this warm September week. Temperatures will be in low 80s and skies will be clear besides a smokey haze lingering due to wildfire smoke coming in from the west. Get down to the lake while you still can! https://t.co/NAjWA7FRqh,Wed Sep 11 11:40:14 +0000 2024,1,3
60,RadarOmega,"For much of the central and eastern CONUS, a rather warm weekend is ahead. Building high pressure will lead to the potential for record daily high temperatures for parts of Texas and Oklahoma, while the Midwest can expect temperatures in the upper 80s to low 90s. https://t.co/8v224ly9g7",Fri Sep 13 23:23:26 +0000 2024,1,10
61,Wrestle Ops,OFFICIAL: Logan Paul v LA Knight for the WWE United States Championship at #SummerSlam 2024. https://t.co/c3Sc689afM,Sat Jul 20 02:49:30 +0000 2024,447,6370
62,Matt Rudkin,"SUMMER HANGS ON: While the humidity will remain low (that's what happens when the soil is so dry!), the heat isn't going anywhere. Expect temperatures to average around 10Â° above normal for the next many days. We will consistently be in the 80s - 90Â°. https://t.co/2S0CmTlxSs",Wed Sep 11 17:31:53 +0000 2024,2,8
63,Don Sutherland,"Summer 2024 was the fourth hottest summer on record in the contiguous U.S. Due, in large part, to climate change, four of the past five summers have been among the ten hottest on record. A climate change denial account is seeking to rewrite the narrative. https://t.co/NavxkqT6CU",Wed Sep 11 16:07:24 +0000 2024,4,11
64,Inquirer,"SUMMER SOLSTICE 2024  â˜€ï¸

Today, June 21, the country will experience its longest day and shortest night of the year. https://t.co/5BxgB05aiQ",Thu Jun 20 23:00:03 +0000 2024,78,255
65,Wrestle Ops,"The contract has been signed, LA Knight v Logan Paul for the United States Championship at #SummerSlam 2024.

#SmackDown https://t.co/9F6W55iKCN",Sat Jul 20 01:04:17 +0000 2024,348,7179
66,Trung Phan,"The Songs of Summer 2024: 

â–«ï¸â€Not Like Usâ€ (Kendrick Lamar)
â–«ï¸â€Fortnightâ€ (Taylor Swift, Post Malone)
â–«ï¸ â€œHawk Tuah, Spit On That Thang Remixâ€ (Hawk Tuah Girl) https://t.co/XFEGT5RBFx",Fri Jun 21 22:51:46 +0000 2024,28,292
67,Brian Brettschneider,"Today and tomorrow are the climatological peak dates of summer for the Contiguous U.S. as a coast-to-coast average. For areas in blue (cyan), purple, and red, you still have not made it yet. https://t.co/vSbn5n4WG7",Wed Jul 24 16:49:53 +0000 2024,63,281
68,Drogon,"A dangerous midsummer heat wave is expected to overtake much of the United States, with a swampy heat index reaching over 100 degrees in the East and drier, blistering triple-digit high temperatures in the West. https://t.co/x08Uj47TjE",Fri Sep 13 13:43:58 +0000 2024,0,1
69,Official Charts,"Will Katy Perry's (@katyperry) Big Pop Girl comeback #WomansWorld see her claim 2024's song of the summer? â˜€ï¸ğŸ¶

Check out all the big contenders: https://t.co/mX9va7qsNq

#KatyPerry #KP6 https://t.co/9APFNGkYhh",Mon Jun 24 09:46:27 +0000 2024,100,676
70,Wrestle Features,"WWE's PLE schedule for the summer: 
Saturday: Clash at the Castle II ğŸ´ó §ó ¢ó ³ó £ó ´ó ¿
July 6: MITB ğŸ‡¨ğŸ‡¦
August 3: SummerSlam ğŸ‡ºğŸ‡¸
August 31: Bash In Berlin ğŸ‡©ğŸ‡ª",Thu Jun 13 14:40:02 +0000 2024,217,2865
71,Zayne Sovereign,"After much deliberation, I can confirm that Dasha - Austin came out on top as the song of Summer 2024.

Sorry Espresso, you were so close.",Sat Sep 14 16:29:01 +0000 2024,0,1
72,Pop Base,"Spotify unveils their Top 20 Songs of the Summer 2024 list:

â€¢ Espresso
â€¢ Not Like Us
â€¢ BIRDS OF A FEATHER
â€¢ A Bar Song (Tipsy)
â€¢ HOT TO GO!
â€¢ Nasty
â€¢ 360
â€¢ I Can Do It With a Broken Heart
â€¢ Good Luck, Babe!
â€¢ Please Please Please
â€¢ I Had Some Help
â€¢ Belong Together https://t.co/paLDOoXAMo",Wed Aug 28 14:58:17 +0000 2024,292,3979
73,Fate/Grand Order USA,"Arctic Summer World! Chaldea's Magical Summer Theme Park Hints and Strategies:

Equip Event Limited Craft Essences and Limited Time Craft Essences to receive various benefits within the event.

More Info â¡ï¸ https://t.co/hHfAOHxAsa
#FateGOUSA https://t.co/Qn4Jt1GKj0",Sun Jul 21 20:00:34 +0000 2024,64,635
74,Washingtonian ğŸŒ¸,"Want one last taste of summer before the fall weather arrives?
https://t.co/hOPsThR863",Sat Sep 14 21:00:00 +0000 2024,0,1
75,Fate/Grand Order USA,"Arctic Summer World! Chaldea's Magical Summer Theme Park Hints and Strategies:

For the duration of the event period, â˜…4 (SR) ThrÃºd, â˜…4 (SR) Hildr, and â˜…4 (SR) Ortlinde will receive double EXP when performing Enhancement.

More Info â¡ï¸ https://t.co/hHfAOHxAsa
#FateGOUSA https://t.co/arDGCAJDf1",Wed Jul 24 20:01:40 +0000 2024,44,538
76,Steve Milloy,"90 years of emissions down the drain: Summer 2024 cooler than 1934 in the US.

Related links: https://t.co/vSrwpDq9L2 https://t.co/tm0IMgluhc",Tue Sep 10 17:45:17 +0000 2024,325,870
77,Shiina,"The Summer Event 2024 is called ""All Sweat Summer"" ğŸ’€ https://t.co/Qa07urlxyS",Sat Jun 22 05:56:44 +0000 2024,381,10198
78,Newsweek,"Arizona, California, Florida, Maine and New Hampshire experienced their warmest June-August periods on record. https://t.co/bQinTlIKy2",Fri Sep 13 17:17:42 +0000 2024,3,6
79,Jess,The US is experiencing its largest summer Covid wave in at least two years https://t.co/WhvG9sLG3C,Fri Aug 16 12:59:57 +0000 2024,826,1778
80,Skiesti ğŸŒ»,Summer Games starts July 9th. The highly anticipated Lifeguard skins won't be available until July 30th when Summer is practically over ğŸ˜­,Sat Jun 22 16:55:59 +0000 2024,149,4357
81,jojo's road movie ğŸï¸,"KISS OF LIFE ABOUT TO DROP SONG OF THE YEAR FOR REAL FOR REAL I CANNOT BREATHE RIGHT NOW THIS LOOKS AND SOUNDS SO GOOD SUMMER IS OFFICIALLY STARTING ON THE 1ST OF JULY 

https://t.co/0cjsdweiro",Wed Jun 26 15:13:25 +0000 2024,17,198
82,American Chronicles,"Simone Biles, Team USA reclaim Olympic gymnastics gold 

Simone Biles, of the United States, performs on the balance beam during the womenâ€™s artistic gymnastics team finals round at Bercy Arena at the 2024 Summer Olympics, Tuesday, July 30, 2024, in Pariâ€¦ https://t.co/Feen47i0Qo https://t.co/5outHv6Pvp",Tue Jul 30 18:51:30 +0000 2024,0,0
83,Argentina vs Colombia Live-Copa America Final 2024,"2024 Summer Olympics | Azerbaijan vs Canada

Football Women's Tournament

Live Here: @Olympic7Live

Spain vs Colombia
Basketball Men's Tournament
Puerto Rico vs United States [USA]
3x3 basketball Women's Tournament https://t.co/7eqP3Ppb4K",Sat Aug 03 15:54:56 +0000 2024,5,5
84,Paris Olympics Opening Ceremony 2024 Live For Free,"2024 PARIS SUMMER OLYMPICS
men's volleyball
Men's Pool C: Japan vs. United States
Friday, August 02, 2024

ğ™’ğ™–ğ™©ğ™˜ğ™ ğ™¡ğ™ğ™«ğ™š ğ™ğ™šğ™§ğ™š : @Olympic7Live 

Japan vs. usa Live
men's volleyballUpcoming
NBC Daytime
U.S. vs France https://t.co/kbfTWZrVRI",Fri Aug 02 19:06:13 +0000 2024,4,9
85,Mark USA Fan,A brutally hot summer in the United States: Six things that stood out - The Washington Post https://t.co/sm4vC8eWjr,Mon Sep 02 12:42:05 +0000 2024,0,0
86,Big Time Sports,"PROUD AMERICANS ALERT!!!  FIRST USA NATIONAL ANTHEM OF THE 2024 SUMMER OLYMPICS!!!
Congratulations to Dover Grad and Ohio State Great Hunter Armstrong and the USA 4x100 m Freestyle Swimming Team on Winning the First Gold Medal for the United States in the 2024 Summer Olympics!!! https://t.co/LiEeQpaOQl",Sun Jul 28 19:38:44 +0000 2024,1,35
87,Wimbledon 2024 Live Stream,"2024 PARIS SUMMER OLYMPICS
men's volleyball
Men's Pool C: Japan vs. United States
5:00â€¯pm EDT
Friday, August 02, 2024

ğ™’ğ™–ğ™©ğ™˜ğ™ ğ™¡ğ™ğ™«ğ™š ğ™ğ™šğ™§ğ™š : @Olympic7Live 

Japan vs. usa Live
men's volleyballUpcoming
NBC Daytime /// https://t.co/7dcjAEMjgx",Fri Aug 02 19:02:45 +0000 2024,6,8
88,JSerraAthletics,"Recently graduated JSerra Boys Water Polo star Ryder Dodd played an integral role in helping the United States Menâ€™s Water Polo Team move to the doorstep of competing for an Olympic gold medal.

Dodd produced his seventh goal of the 2024 Summer Olympics, as Team USA edged https://t.co/VVi9E3NeIy",Thu Aug 08 04:58:25 +0000 2024,0,4
89,Marcus Evans ğŸ“š âš›ï¸ ğŸ”­ âš–ï¸ ğŸ’™ ğŸ¼ ğŸ…,"The United States has become the first country to win 3,000 Olympic medals: This record tally includes both Summer and Winter Games and was helped Tuesday by Team USA's historic performances in Paris in swimming events, which yielded four medals. https://t.co/L7Bv24ZfQ9 https://t.co/ba1VioKRNY",Wed Jul 31 17:28:35 +0000 2024,0,0
90,Marcus Evans ğŸ“š âš›ï¸ ğŸ”­ âš–ï¸ ğŸ’™ ğŸ¼ ğŸ…,The Paris Olympics are wrapping up. How did Team USA do?: The Paris Summer Olympics wrap-up Sunday after two-and-a-half weeks of dramatic sports achievements and a bit of controversy. The United States won the most medals as it prepares to host the nextâ€¦ https://t.co/tTk3p5RHD9 https://t.co/qNyAu3aVID,Sun Aug 11 21:49:35 +0000 2024,0,0
91,TODAY,LeBron James wonâ€™t only be leading Team USA on the court. The basketball legend will serve as one of the United Statesâ€™ flag bearers during the opening ceremony at the Summer Olympics on July 26 in Paris. https://t.co/uwOWUIB84m,Mon Jul 22 14:35:43 +0000 2024,5,43
92,D-Aggregate,"In the 2024 Summer Olympics, the United States led the medal count, followed by China, Great Britain, France, and Australia, excelling in athletics, gymnastics, and cycling.

Despite strong efforts, Nigeria unfortunately did not win any medals.

#Paris2024 #USA #China #Nigeria https://t.co/zouORPr7SB",Tue Aug 13 09:23:09 +0000 2024,0,2
93,Rahayu Lestari,"2024 PARIS SUMMER OLYMPICS
men's volleyball
Men's Pool C: Japan vs. United States
5:00â€¯pm EDT
Friday, August 02, 2024

ğ™’ğ™–ğ™©ğ™˜ğ™ ğ™¡ğ™ğ™«ğ™š ğ™ğ™šğ™§ğ™š : @Olympic7Live 

Japan vs. usa Live
men's volleyballUpcoming
NBC Daytime
U.S. vs France https://t.co/QuA8rWliLk",Fri Aug 02 19:10:37 +0000 2024,6,7
94,NBC 6 South Florida,"MEDAL COUNT: Here's where the United States stands after four days of the #ParisOlympics. 

Click here to rewatch all of Team USA's gold-medal performances: https://t.co/SztdODd6im https://t.co/Q09mHa0fVf",Wed Jul 31 03:45:07 +0000 2024,5,12
95,StatiSense,"2024 SUMMER OLYMPICS 

10,714 Athletes from 206 countries.

Top 10 Nations by Athletes
1 ğŸ‡ºğŸ‡¸United States: 592
2 ğŸ‡«ğŸ‡·France: 573
3 ğŸ‡¦ğŸ‡ºAustralia: 460
4 ğŸ‡©ğŸ‡ªGermany: 427
5 ğŸ‡¯ğŸ‡µJapan: 404
6 ğŸ‡®ğŸ‡¹Italy: 403
7 ğŸ‡¨ğŸ‡³China: 388
8 ğŸ‡ªğŸ‡¦Spain: 382
9 ğŸ‡¬ğŸ‡§Great Britain: 327
10 ğŸ‡¨ğŸ‡¦Canada: 318

#Statisense
(USA",Fri Jul 26 18:19:50 +0000 2024,34,86
96,Janie Johnson - America is Exceptional,"Watch Cole Hocker, Yared Nuguse in incredible 1500m final at Olympics: It was an historic day on the track for Team USA, as Cole Hocker and Yared Nuguse both were part of an incredibly dramatic final in the menâ€™s 1500-meter race.  

 The United Statesâ€¦ https://t.co/mku3cEobNH https://t.co/EK6PBPwPJ4",Wed Aug 07 00:15:36 +0000 2024,1,4
97,(FIFA) Women's World Cup 2023 - Live-Streams,"2024 PARIS SUMMER OLYMPICS
men's volleyball
Men's Pool C: Japan vs. United States
Friday, August 02, 2024

ğ™’ğ™–ğ™©ğ™˜ğ™ ğ™¡ğ™ğ™«ğ™š ğ™ğ™šğ™§ğ™š : @Olympic7Live 

U.S. vs France
3x3 basketball Women's Tournament
Canada vs Spain
Japan vs. usa Live
men's volleyballUpcoming
NBC Daytime https://t.co/dBIcEvXDTc",Fri Aug 02 19:19:35 +0000 2024,6,6
98,Manchester City vs Chelsea Live,"2024 Summer Olympics | Azerbaijan vs Canada
////
Football Women's Tournament

Live Here: @Olympic7Live
 
Spain vs Colombia
Basketball Men's Tournament
Puerto Rico vs United States [USA]
3x3 basketball Women's Tournament https://t.co/IeQ4PS8zlx",Sat Aug 03 15:57:51 +0000 2024,4,4
99,NBC Bay Area,The United States secures silver in team artistic swimming at the #ParisOlympics! https://t.co/Xoh6qMtrCP https://t.co/dE0hYvu4MV,Wed Aug 07 18:59:51 +0000 2024,0,3
100,Janie Johnson - America is Exceptional,"Watch: US takes lead in gold medal race, USWNT wins another nail-biter and more Day 11 highlights: Team USA took over sole possession of first place in the gold medal race on Day 11 of the 2024 Paris Olympics.  

 The United States had been even withâ€¦ https://t.co/92zlGToF8v https://t.co/Y6ymmApruy",Wed Aug 07 05:51:18 +0000 2024,2,2
101,Jim Cantore,Two areas of active weather as ridiculous HEAT continues to build over the eastern 1/3rd of the USA.  Midwest and northwestern Gulf coast will see heaviest rainfall.  NHC up to 70% on at least a TD in the southwest GOM but its all about the HEAVY RAINFALL potential.  The steering https://t.co/okA2Rx4LW2,Mon Jun 17 08:37:42 +0000 2024,59,230
102,World Climate Service,"According to @NOAANCEI, summer 2024 was the 3rd hottest in recent decades in the US: just below 2021 and 2022. This matches PRISM data.

Curiously, ERA5 has it as only the 8th warmest, even though ERA5 shows more warming than PRISM.

Humidity (dewpoint) was the 6th or 7th highest https://t.co/o7iEFZmnxP",Fri Sep 13 20:50:01 +0000 2024,2,16
103,Holly Bock,"Welp. We've done it Phoenix ğŸ˜…

If we are looking at the meteorological calendar (June, July, August), 2024 goes down for the hottest summer on record.

@azfamily https://t.co/8ZqjfrcNRE",Mon Sep 02 04:54:28 +0000 2024,50,245
104,Extreme Temperatures Around The World,"After Pakistan,Middle East and North Africa;it will be California's turn.
A brutal heat wave in early July will send the temperatures &gt;125F in the Death Valley and to 115F in the Sacramento Valley:
The 2024 world highest temperature might be grabbed by the USA
Kudos Weathermodels https://t.co/6LC7aRQqeO",Fri Jun 28 22:47:51 +0000 2024,234,388
105,NOAA Climate.gov,"Three tropical systems brought heavy rain and wind to the U.S. and its territories in August; it was the fourth-warmest summer on record for the contiguous U.S., and many cities were gripped by record heat.

Read more: https://t.co/jbINhdN8AY https://t.co/O6csB0dYIH",Thu Sep 12 20:32:55 +0000 2024,5,19
106,summer (taylorâ€™s version)ğŸ’«,"concerts this year 
jan: -
feb: -
mar: Olivia Rodrigo, Chappell Roan
apr: -
may: -
june: -
july: - alanis morissette, joan jett
aug: - hozier
sept: mitski",Sat Sep 14 04:06:32 +0000 2024,0,1
107,CNN,"Summer technically starts next week, and another powerful heat dome is just one of the extreme weather hazards on the way https://t.co/2KodbeiGPL",Sat Jun 15 00:36:49 +0000 2024,119,295
108,Chad is watching American Pie with you ğŸ¥§,"concerts this year
jan:
feb: The Beaches
march:
april: The Last Dinner Party x2
may: Holly Humberstone
june: Noah Kahan
july:
august: Lollapalooza N1, Hinterland
sept: Magdalena Bay, Gracie Abrams, All Things Go
oct: Maggie Rogers
nov: Billie Eilish x2, Carol Ades
dec:",Sat Sep 14 16:21:04 +0000 2024,0,7
109,Legacy Project,"NASA finds Summer 2024 hottest to date â€“ and we'll be at 30C all week here in the #GTB
https://t.co/dQvumYbXSN",Sat Sep 14 22:01:24 +0000 2024,0,0
110,ğ–¦¹â‚ŠâŠ¹AUGUSTâŠ¹â‚Šğ–¦¹,"concerts this year 
jan: 
feb: 
march: waterparks, chappell roan,
april: 
may:
june: chappell roan
july: olivia rodrigo 
august: lolla palooza, waterparks
sept: hopefully
oct: more 
nov:  waterparks 
dec: but also not because of money",Fri Sep 13 01:53:33 +0000 2024,0,4
111,STUNNER,Its in America already. Its starts from June 1-june 30th,Sat Sep 14 23:03:03 +0000 2024,1,0
112,Caraota Digital,"#USA | La pesadilla del COVID-19 regresa con fuerza: EEUU vive su peor verano en dos aÃ±os, analizan volver a las mascarillas .- https://t.co/X3dSsHflRZ

++-!",Fri Sep 13 09:27:39 +0000 2024,5,4
113,Carl Quintanilla,"* UNITED AIRLINES - EXPECT 2024 JULY 4 WEEKEND TO BE BUSIEST ON RECORD WITH MORE THAN 5MLN PASSENGERS EXPECTED TO FLY UNITED BETWEEN JUNE 28 â€“ JULY 8

* UNITED AIRLINES - EXPECT SUMMER 2024 TRAVEL SEASON WILL BE 5% HIGHER THAN 2023

$UAL $XAL",Thu Jun 20 17:47:37 +0000 2024,44,251
114,Conserve1st,Exposed: Summer 2024 cooler than 1934 in the US https://t.co/oGLb61N8t5 https://t.co/q3JMIRDvSI,Wed Sep 11 13:24:42 +0000 2024,0,0
115,NWS Weather Prediction Center,"ğŸŒ¡ï¸ A significant heat wave is expected to develop across the Central &amp; Southeast U.S. this week as a strong ridge of high pressure builds over the southern Plains. Major to extreme Heat Risk is forecast for portions of multiple states. For more info, visit https://t.co/aypwjmqtre https://t.co/jbTjU7I5Tn",Sun Jul 28 17:56:16 +0000 2024,43,86
116,Caraota Digital,"#USA | La pesadilla del COVID-19 regresa con fuerza: EEUU vive su peor verano en dos aÃ±os, analizan volver a las mascarillas .- https://t.co/X3dSsHeO2r

,,&lt;",Fri Sep 13 11:08:38 +0000 2024,1,3
117,WDEF News 12,"""A very warm August wrapped up an extremely hot summer across the U.S., with many cities breaking all-time heat records.
The first eight months of 2024 also ranked as the second-warmest year-to-date, according to NOAAâ€™s NCEI."" https://t.co/ogY2tKwxdY",Sat Sep 14 15:20:00 +0000 2024,0,0
118,NWS Weather Prediction Center,Dangerous heat engulfs much of the country as one heatwave continues from the Southern Plains to the Southeast/Mid-Atlantic and another begins in the West https://t.co/A3RX3bxaUJ,Thu Aug 01 12:05:21 +0000 2024,15,52
119,USA Basketball,"The stars will be out this summer. Catch the ğŸ‡ºğŸ‡¸ #USABWNT two times before the Paris Games! ğŸŸï¸

ğŸ—“ï¸ July 20 vs @WNBA All-Stars (Phoenix)

ğŸ—“ï¸ July 23 vs ğŸ‡©ğŸ‡ª Germany (London)",Tue Jun 11 18:15:28 +0000 2024,56,296
120,Mike LaPoint,"Summer round 2 has heat index values of the upper 90s and lower 100s with plenty of sunshine. Hot temperatures will stick around for this weekend so you can break out the summer clothes again. Make sure to also stay hydrated and drink plenty of water.
#fox44wx https://t.co/JGxTK5Rj6r",Fri Sep 13 20:19:30 +0000 2024,1,1
121,NBC DFW,"Just a few hours into the first day of the 2024 Paris Olympics, and the United States has its first medal! ğŸ¥ˆ
Sarah Bacon and Kassidy Cook, who is from The Woodlands, earned the first medal for Team USA. https://t.co/hG9CYTD4Wr https://t.co/TzU6fVZP7x",Sat Jul 27 16:00:22 +0000 2024,11,40
122,TODAY,The United States men's basketball team is down one man in the Summer Olympics after the squad announced that Los Angeles Clippers star Kawhi Leonard has pulled out of the Games. https://t.co/9efYI9gEqn,Wed Jul 10 18:40:38 +0000 2024,3,4
123,Janie Johnson - America is Exceptional,"How to watch USA Cycling, Chloe Dygert go for gold medal in team pursuit: The United Statesâ€™ cycling team has a chance to make history on Wednesday when they try to win their first-ever gold medal in the womenâ€™s team pursuit competition.  

 The Unitedâ€¦ https://t.co/hTNbKe68ZM https://t.co/SYk23mfN1Z",Wed Aug 07 19:19:14 +0000 2024,2,1
124,Janie Johnson - America is Exceptional,"USA women's volleyball team sets up showdown with long-time rival Brazil: The United Statesâ€™ womenâ€™s volleyball team is very familiar with Brazil, and thatâ€™s exactly who theyâ€™ll face next after defeating Poland in the quarterfinal round Tuesday.  

â€¦ https://t.co/j3phBYZK6e https://t.co/BFDirFxU95",Tue Aug 06 17:54:18 +0000 2024,2,2
125,myPPKâ„¢ - Power Press Kitsâ„¢,"From California to New York City, #MusicFestival Wizard has all the info you need for festivals across the United States this summer with dates, tickets, lineups, and travel. @festivalwizards 
USA Music Festivals 2024-2025 | MFW Music Festival Guide (https://t.co/XyEWHEg9rW) https://t.co/l0bhayZbx3",Sat Aug 31 16:08:28 +0000 2024,0,1
126,NBC New York,"China dominated the medal count for the 2024 Paralympics with 95 golds, while the United States was third with 36 golds and 105 total medals.
https://t.co/oidAfzxvd9",Mon Sep 09 00:00:15 +0000 2024,0,1
127,NHL.com,United States announces roster for 2024 World Junior Summer Showcase.â¤µï¸ https://t.co/snd32QtJcZ,Thu Jun 20 18:48:50 +0000 2024,8,12
128,Fennec Fox Sport,"Paris 2024 Olympics: USA team breaks 100-medal mark after Day 13, leads total medal count: The United States is leading the medal count at the Summer Games with a total of 103 medals. https://t.co/yBRoUNpN16 https://t.co/AgXAR8oOa6",Thu Aug 08 23:57:27 +0000 2024,0,0
129,NBC Bay Area,"The United States won 18 medals on Saturday, its highest single-day medal count in a century. The massive Olympic medal haul brought Team USA's total medal count for Paris to 61, higher than any other participating nation. https://t.co/JfB1nyId2R https://t.co/j74Kp4IUpf",Sat Aug 03 23:35:34 +0000 2024,14,39
130,R.L. Bynum (@r.l.bynum on Threads),Three Tar Heels will play for the United States baseball team that will play against Summer League teams in the next week. #UNC https://t.co/hQ2AKRN7Ec,Sat Jun 29 00:41:50 +0000 2024,5,44
131,mohammed bakhit noor,"2024 PARIS SUMMER OLYMPICS
men's volleyball
Men's Pool C: Japan vs. United States
5:00â€¯pm EDT
Friday, August 02, 2024

ğ™’ğ™–ğ™©ğ™˜ğ™ ğ™¡ğ™ğ™«ğ™š ğ™ğ™šğ™§ğ™š : @Olympic7Live 

Japan vs. usa Live
men's volleyballUpcoming
NBC Daytime https://t.co/3sLodxouVL",Fri Aug 02 18:18:09 +0000 2024,7,6
132,Janie Johnson - America is Exceptional,"USA mounts huge upset in men's 1500-meter run as 2 walk away with medals: The United States appears to be turning the page on the Olympic history of the 1500-meter run.  

 In unprecedented fashion, American Cole Hocker upset Tuesdayâ€™s menâ€™s 1500-meterâ€¦ https://t.co/KzoUcvjIDg https://t.co/J8QfPodm5s",Tue Aug 06 21:58:39 +0000 2024,4,1
133,NFPA Firewise USAÂ®,"In 2024, roughly 30,000 wildfires have burned more than 5.3 million acres in the United States. Learn more about what experts are predicting for the remainder of the summer and the fall, as well as how homeowners and communities can be prepared: https://t.co/WxaXEc3rV8 https://t.co/thKMe5rc3K",Tue Aug 20 11:01:05 +0000 2024,4,8
134,The Sporting News,"With the 2024 Summer Olympics kicking off Friday in Paris, we ranked the 33 best Summer Olympic athletes in USA history ğŸ…

From Muhammad Ali to Michael Phelps, find out who we crowned no. 1 at the link below ğŸ‘€ ğŸ‘‡

READ: https://t.co/dY2tQmOe3j https://t.co/CsXvihO1PB",Wed Jul 24 17:19:09 +0000 2024,6,16
135,NBC New York,"Steph Curry led the United States team with a monster 24 points, including eight three-pointers helping the USA capture its fifth-straight Olympic gold https://t.co/NFsH15y6Tg https://t.co/s7wp18akh7",Sat Aug 10 21:43:42 +0000 2024,0,9
136,Salina Post,"Simone Biles, Team USA power to Olympic gold in women's gymnastics: Simone Biles, of United States, competes on the uneven bars during a women's artistic gymnastics qualification round at Bercy Arena at the 2024 Summer Olympics, Sunday, July, 28, 2024,â€¦ https://t.co/w0zx3RE0LU",Tue Jul 30 19:00:16 +0000 2024,0,1
137,caby shop,"2024 PARIS SUMMER OLYMPICS
men's volleyball
Men's Pool C: Japan vs. United States
5:00â€¯pm EDT
Friday, August 02, 2024

ğ™’ğ™–ğ™©ğ™˜ğ™ ğ™¡ğ™ğ™«ğ™š ğ™ğ™šğ™§ğ™š : @Olympic7Live 

Japan vs. usa Live [U.S]
men's volleyballUpcoming
NBC Daytime https://t.co/msDbze2WMR",Fri Aug 02 19:04:14 +0000 2024,3,5
138,StunningTshirt,"USA 2024 United States Summer Sport USA Team 2024 US Shirts, Hoodie, Sweater, Long Sleeve And Tank Top.
Buy It:  https://t.co/jrRfOcF7B0",Sat Aug 03 20:21:22 +0000 2024,0,0
139,Sports News & Videos,"2024 Paris Olympics updates: Results tracker, Team USA schedule, United States medal count from Summer Games - CBS Sports https://t.co/zExsfKisaW",Sat Jul 27 15:34:14 +0000 2024,0,0
140,Susana A. Mendoza â˜®ï¸,"So overjoyed &amp; PROUD of divers Kassidy Cook &amp; Sarah Bacon for winning the United States our first medal, SILVER, ğŸ¥ˆ in the Paris Olympics. Kassidy is from Normal, Illinois. Way to go! Thank you! Way to deliver for USA (&amp; Illinois) @KassidyCook1 !!! â™¥ï¸ğŸ¤ğŸ’™
https://t.co/VBlEAzm0qM",Sun Jul 28 02:48:30 +0000 2024,5,14
141,beIN SPORTS USA,"Itâ€™s been a nightmare summer for the USMNT ğŸ‡ºğŸ‡¸ğŸ˜³ #beINSPORTS

https://t.co/rRdgvmFskK",Sat Aug 03 01:26:33 +0000 2024,2,5
142,Devon ğŸ…¿ï¸latana,"After analyzing the men's team, read all about the Team USA women's basketball squad on @YourBettingNews! ğŸ€ ğŸ‡ºğŸ‡¸

From the latest tournament odds to the United States' recent olympic history, it's all below. ğŸ‘‡
#TeamUSA #Paris2024 #Olympics 
https://t.co/KQWX0bpLUD",Mon Jul 15 15:22:04 +0000 2024,1,3
143,News Exchange,"USA Olympic Men's Soccer Team 2024: Roster, Starting XI, Top Subs and Jerseys

The United States men's soccer team is back at the Summer Olympics for the first time since 2008. The squad for the 2024 Summer Olympics is full of players...

https://t.co/AYOOGd8Z4T",Tue Jul 23 00:00:03 +0000 2024,0,0
144,SF Examiner,"Among the 600 athletes representing the United States this summer are four from The City and dozens more with ties to the broader region.
https://t.co/dUaz2AboFu",Wed Jul 31 01:25:00 +0000 2024,0,3
145,Triathlete Magazine,"ğ—§ğ—˜ğ—”ğ—  ğ—¨ğ—¦ğ—” ğŸ‡ºğŸ‡¸ Get to know the five triathletes representing the United States at the Paris Olympics this summer:
https://t.co/mVUapeif9O",Wed Jun 05 19:02:35 +0000 2024,2,16
146,NBC Los Angeles,The United States is back on the Olympic podium in rowing for the first time in eight years.ğŸ‘ #ParisOlympics https://t.co/88K2TKUdhV,Thu Aug 01 14:32:01 +0000 2024,4,8
147,NBC10 Boston,"China dominated the medal count for the 2024 Paralympics with 95 golds, while the United States was third with 36 golds and 105 total medals. https://t.co/23orocTbZH",Sun Sep 08 17:59:05 +0000 2024,1,1
148,The Palm Beach Post,Coco Gauff is women's flag bearer at Opening Ceremony for United States Summer Olympics team https://t.co/0GncNGpf6Z,Wed Jul 24 12:56:02 +0000 2024,2,5
149,NBC10 Philadelphia,"Princeton University's American Ashleigh Johnson made ten saves in goal for the United States, but it was not enough. Team USA fell to the Netherlands 10-11 and leave Paris empty handed. See the highlights here â¡ï¸ https://t.co/bbHrbS1sJd",Sat Aug 10 15:20:05 +0000 2024,0,1
150,USA TODAY Travel,Where to make a splash this summer: Best lakes and rivers in the US https://t.co/QmH3UWZnE0,Sat Jun 15 18:05:03 +0000 2024,2,1
151,Caraota Digital,"#USA | La pesadilla del COVID-19 regresa con fuerza: EEUU vive su peor verano en dos aÃ±os, analizan volver a las mascarillas .- https://t.co/X3dSsHflRZ

-+.-",Fri Sep 13 04:28:16 +0000 2024,2,4
152,Arkansas Tech,"Arkansas Tech University alumna Kaitlin Bounds is on her way to Paris to represent the United States of America.

Bounds will be a member of the Team USA Paralympic track and field team in the Paris 2024 Summer Paralympic Games Aug. 28-Sept. 8 in France.

https://t.co/6UwO2TrfUz",Mon Jul 22 12:05:45 +0000 2024,1,4
153,Victor Vu,"Team USA men's wheelchair basketball opens 2024 Paralympics with win vs. Spain Æ°
PARIS â€” In a rematch of their two previous encounters this summer in which the United States emerged victorious by scores of 61-57 and 70-65, Team USA once again edged out Spain, 66-56, in a closely",Sat Aug 31 03:02:48 +0000 2024,0,0
154,NBC DFW,1ï¸âƒ£4ï¸âƒ£  days until the #ParisOlympics ğŸ… TCUâ€™s Hailey Van Lith has been selected to help defend the United States gold medal performance in womenâ€™s 3x3 basketball. https://t.co/vjNkoDGCoL https://t.co/t1yIkWo5af,Fri Jul 12 17:01:09 +0000 2024,0,5
155,Daily Caller,Caitlin Clark Faces Team USA's Olympic Roster Decision https://t.co/fPmoHNpYwg,Sun Jun 09 16:30:35 +0000 2024,4,11
156,The New York Sun,The Dream Team that represented the United States at the 1992 Summer Games in Barcelona is the best collection of basketball talent ever assembled. But the 2024 Team USA headed to the Olympics in Paris might be the best since then. https://t.co/sf6Nuz5Blc,Mon Jul 15 10:49:00 +0000 2024,0,1
157,Caraota Digital,"#USA | La pesadilla del COVID-19 regresa con fuerza: EEUU vive su peor verano en dos aÃ±os, analizan volver a las mascarillas .- https://t.co/X3dSsHflRZ

&lt;_^&gt;",Fri Sep 13 07:49:19 +0000 2024,1,0
158,NBC 6 South Florida,"Just a few hours into the first day of the 2024 Paris Olympics, the United States had its first medal and first gold, thanks in part to South Florida athletes. Here's how these Olympians made South Florida proud today. https://t.co/sQfFnlYBAF",Sat Jul 27 22:48:36 +0000 2024,2,7
159,NBC 7 San Diego,"China dominated the medal count for the 2024 Paralympics with 95 golds, while the United States was third with 36 golds and 105 total medals. https://t.co/n5pCkAZtdn",Mon Sep 09 12:30:16 +0000 2024,1,0
160,HutchPost,"Simone Biles and Team USA earn â€˜redemptionâ€™ by powering to Olympic gold: Simone Biles, of United States, competes on the uneven bars during a women's artistic gymnastics qualification round at Bercy Arena at the 2024 Summer Olympics, Sunday, July, 28,â€¦ https://t.co/vWmH6E0GRQ",Tue Jul 30 18:48:09 +0000 2024,0,0
161,NWS Weather Prediction Center,Dangerous mid-summer heat wave to begin expanding across the central U.S. on Monday https://t.co/A3RX3bxaUJ,Mon Jul 29 12:05:21 +0000 2024,15,55
162,National Weather Service,"Showers and thunderstorms currently along the East Coast are providing some relief from the extreme heat but unfortunately,  dangerous heat will return to the Western U.S. this weekend. ğŸ¥µ",Wed Jul 17 23:20:18 +0000 2024,13,66
163,NBC 7 San Diego,"Overall, the United States has 2,655 Summer Olympic medals, according to Olympedia, the most of any country. Here's how the awards break down. https://t.co/fdkQuzPY4X",Tue Jul 09 21:32:06 +0000 2024,1,0
164,Caraota Digital,"#USA | La pesadilla del COVID-19 regresa con fuerza: EEUU vive su peor verano en dos aÃ±os, analizan volver a las mascarillas .- https://t.co/X3dSsHflRZ

,&gt;-&gt;",Fri Sep 13 01:18:10 +0000 2024,0,1
165,Adam Crafton,"NEW: The Premier League already seeking to bring the Summer Series back to USA in 2025 with NBC. They want two of MUFC, LFC &amp; Arsenal in a 4 or 6 team tournament. Site visits to New Jersey, Baltimore, Chicago and Atlanta NFL venues. But major challengesğŸ§µ:
https://t.co/GLyg1DJeMg",Fri Aug 09 15:10:11 +0000 2024,9,41
166,Caraota Digital,"#USA | La pesadilla del COVID-19 regresa con fuerza: EEUU vive su peor verano en dos aÃ±os, analizan volver a las mascarillas .- https://t.co/X3dSsHflRZ

!+?.",Fri Sep 13 02:47:25 +0000 2024,1,2
167,GPB News,"The United States has become the first country to surpass the 3,000-Olympic medal barrier. This record tally includes both Summer and Winter Games and was helped Tuesday by Team USA's historic performances in Paris in the pool, picking up four medals.
https://t.co/tVJQpgb1qm",Wed Jul 31 17:19:37 +0000 2024,0,3
168,AS USA,"Kylian MbappÃ© has been officially unveiled as a Real Madrid player! But will he be going to the United States this summer?

#MbappÃ© #RealMadrid

ğŸ“ https://t.co/hjnRumyZoa

https://t.co/hjnRumyZoa",Tue Jul 16 16:57:37 +0000 2024,0,2
169,NBC Los Angeles,Live updates: The all-around final featuring Simone Biles and Suni Lee of the United States women's gymnastics squad is about to begin.ğŸ¥‡ https://t.co/QMZJAnfptX,Thu Aug 01 16:10:09 +0000 2024,1,3
170,Caraota Digital,"#USA | La pesadilla del COVID-19 regresa con fuerza: EEUU vive su peor verano en dos aÃ±os, analizan volver a las mascarillas .- https://t.co/X3dSsHeO2r

+-,",Fri Sep 13 06:09:52 +0000 2024,0,0
171,ãŠèŒ¶æ±²ã¿ã‚¬ãƒ¼ãƒ«ã‚ºOchakumigirlsğŸ‡¨ğŸ‡´,"Ochakumigirls 2024 SUMMER TOUR in USA and CANADA with F-105
It was a dream of mine to perform in America.  Due to COVID in 2020, we gave up on touring the United States.  but Ochakumigirls is still active all over the world.
ğŸµmy songs 
https://t.co/cvqSvszmEx https://t.co/BzhQXxAYxf",Wed Jul 24 17:27:27 +0000 2024,1,6
172,Florida Issues,Map Reveals America's Record-Breaking Summer of 2024 - Newsweek - https://t.co/l3ZnjHxhZZ #GoogleAlerts,Fri Sep 13 20:44:27 +0000 2024,0,0
173,Jason Hayes,"Something to consider from @JunkScience.

Exposed: Summer 2024 cooler than 1934 in the US https://t.co/JnqRcywKkt",Wed Sep 11 13:15:59 +0000 2024,0,1
174,Catherine Hughes,"""Three #tropical systems brought #heavyrain and #wind to the U.S. and its territories in August...fourth-#warmest summer on record...many cities were gripped by #record #heat...About 30% of the contiguous U.S. was in #drought  by the beginning of September"" #Hurricane #Wildfires",Wed Sep 11 17:41:04 +0000 2024,0,0
175,PB Post Sports,Coco Gauff is women's flag bearer at Opening Ceremony for United States Summer Olympics team https://t.co/JQSbexF4W9,Wed Jul 24 13:25:02 +0000 2024,3,2
176,Olav Mitchell Underdal,"The United States has become the first country to win 3,000 Olympic medals - This record tally includes both Summer and Winter Games and was helped Tuesday by Team USA's historic performances in Paris in swimming events, which yielded four medals. via NPR https://t.co/ucjLxeKiee",Wed Jul 31 17:14:53 +0000 2024,1,1
177,Caraota Digital,"#USA | La pesadilla del COVID-19 regresa con fuerza: EEUU vive su peor verano en dos aÃ±os, analizan volver a las mascarillas .- https://t.co/X3dSsHflRZ

$&lt;_&lt;-",Fri Sep 13 14:26:38 +0000 2024,1,2
178,fcbusiness Magazine,"Nexen Tire America, Inc. has announced its partnership with Manchester Cityâ€™s pre-season tour of the United States this summer â€“ theÂ City USA Tour 2024. https://t.co/cgUsVtdm5U",Wed Jul 17 08:03:13 +0000 2024,0,0
179,masslivesports,Brionna Jones of the Connecticut Sun is among the top alternate choices for the United States national womenâ€™s basketball team at the 2024 Paris Summer Olympics. https://t.co/eZ6RRtv0zs,Tue Jun 11 15:59:03 +0000 2024,2,3
180,NBC4 Washington,"The singer appeared alongside members of Team USA in a music video where she encouraged Americans to ""put those hands together"" for those representing the United States at the Olympics. https://t.co/I9MStweMdM",Sat Jul 27 12:14:14 +0000 2024,1,10
181,NWS Weather Prediction Center,Dangerous mid-summer heat wave to expand across the Central U.S. and Southeast; more hot weather across the West https://t.co/A3RX3bxaUJ,Tue Jul 30 12:05:31 +0000 2024,9,26
182,Kurt50Alien,@Daren_Mcclimans Summer starts in June and goes into September.,Sat Sep 14 00:09:39 +0000 2024,0,1
183,Watts Up With That,"Year 2024 Contiguous U.S. Maximum Summer Temperatures Fail to Reach Levels Achieved 90 Years Ago in the Dust Bowl Era Despite Climate Alarmists Record High Election Year Hype
https://t.co/1UG9nHKkD1...",Thu Sep 12 01:00:22 +0000 2024,14,38
184,SenSei Roshi,Year 2024 Contiguous U.S. Maximum Summer Temperatures Fail to Reach Levels Achieved 90 Years Ago in the Dust Bowl Era Despite Climate Alarmists Record High Election Year Hype https://t.co/o56cNuQMWP via @wattsupwiththat,Fri Sep 13 00:01:07 +0000 2024,0,0
185,ITIJ,"Top international destinations for US #travelers this autumn 2024, according to IMG: Mexico, Aruba, Italy, Dominican Republic, Bahamas, Canada, Jamaica, France, UK, and Spain. 

Read here: 

https://t.co/h6VFy1XtNb",Fri Sep 13 13:08:59 +0000 2024,0,0
186,theScore,"The 2024 Summer Olympics in Paris concludes with the United States and China tying for 40 GOLD MEDALS, but the USA finishes first in the medal table with 126 total medals. ğŸ¥‡ğŸ¥ˆğŸ¥‰ https://t.co/hFMOh1ljGW",Sun Aug 11 16:42:00 +0000 2024,13,45
187,NBC Los Angeles,Meet the women's basketball team that will represent the United States in Paris.ğŸ€ https://t.co/0s5UppNInQ #ParisOlympics,Tue Jun 11 15:26:55 +0000 2024,0,1
188,ğŸ“±â­Ty Buchananâ­ğŸŒŠ,"Angel Reese tries to tamp down 2028 Olympic expectations after Team USA's latest gold https://t.co/V8H1IAsLgJ 
The United States womenâ€™s basketball team wrapped up its eighth consecutive Olympic gold medal in Paris as the Summer Games officially came to â€¦ https://t.co/8VPGevyen0",Sun Aug 11 18:02:25 +0000 2024,0,0
189,NBC Los Angeles,The United States is still looking for its first medals in these five Summer Olympics sports. https://t.co/uuRIZJJcdu,Tue Jul 02 02:01:04 +0000 2024,0,3
190,NBC10 Boston,"On the tenth day of the Paris 2024 Olympics, the United States took home eight more medals â€” two gold, four silver and two bronze, bringing Team USA's total medals in Paris to 79. Here's a closer look at some of those amazing performances. https://t.co/6cQQxOf6aJ",Tue Aug 06 12:05:11 +0000 2024,1,3
191,Embassy of Austria in the United States,"Calling on all classical music aficionads! 
Tune in tomorrow and listen to the #Sommernachtskonzert 2024 âœ¨ğŸ¶

Let us take you on a musical journey to @schonbrunn with the @Vienna_Phil &amp; guest conductor Andris Nelsons! 

Check out your local PBS stationâ¬‡ï¸

https://t.co/UL4XusutON",Thu Aug 22 17:55:13 +0000 2024,0,3
192,NECN,The United States remains in a tight battle for the most gold medals in Paris following Day 15 of the 2024 Olympics. https://t.co/RcJiVdM3dZ,Sun Aug 11 05:43:10 +0000 2024,0,0
193,NECN,"The United States is by far the winningest country in the history of the Olympic Games, but the country is still chasing its first medals in these sports. https://t.co/ynv20UAame",Sat Aug 03 03:10:30 +0000 2024,0,1
194,NBC10 Boston,The United States is still looking for its first medals in these five Summer Olympics sports. https://t.co/GJqIAFNP8y,Sat Aug 03 04:47:14 +0000 2024,2,1
195,The Ledger,Coco Gauff is women's flag bearer at Opening Ceremony for United States Summer Olympics team https://t.co/gloJnsrMSd,Wed Jul 24 13:01:04 +0000 2024,0,1
196,NBC DFW,"As the Paris Olympics are set to open this week, the United States goes in as the favorite to win the most medals. https://t.co/F9gYQl55KP",Tue Jul 23 15:00:20 +0000 2024,0,3
197,PSS International Removals,"With summer just around the corner, beach lovers are eager to find the best places to go in the United States... 

@Forbes | #Beach #USA

https://t.co/Lishucg9w8",Tue Jun 04 15:05:13 +0000 2024,0,0
198,BC Fencing,"Ralf Bissdorf led the United States to their first-ever team fencing gold medal this summer at the 2024 Olympic games in Paris! 

Read more about Ralf and team USA's performance below! â¤µï¸

https://t.co/2nf3qfjhYs",Mon Aug 26 19:00:12 +0000 2024,0,1
199,KRDO13,"The 2024 Summer Games are officially underway! The United States Olympic and Paralympic Museum is inviting the community to a kick off of its own! Go, Team USA! https://t.co/M8x9PNPis6",Sat Jul 27 14:00:11 +0000 2024,0,2
